{
  "total_trades": 13,
  "win_rate": 53.84615384615385,
  "wins": 7,
  "losses": 6,
  "total_pnl": 2.3745000000000305
}